,Word,Form,TimePeriod,SentenceLength
0,Ärztinnen,long,2010s,12
1,Ärztinnen,long,2010s,26
2,Ärztinnen,long,2010s,33
3,Ärztinnen,long,2010s,16
4,Ärztinnen,long,2010s,26
5,Ärztinnen,long,2010s,39
6,Ärztinnen,long,2010s,13
7,Ärztinnen,long,2010s,16
8,Ärztinnen,long,2010s,42
9,Ärztinnen,long,2010s,14
10,Ärztinnen,long,2010s,19
11,Ärztinnen,long,2010s,39
12,Ärztinnen,long,2010s,19
13,Ärztinnen,long,2010s,38
14,Ärztinnen,long,2000s,19
15,Ärztinnen,long,2000s,22
16,Ärztinnen,long,2010s,34
17,Ärztinnen,long,2010s,25
18,Ärztinnen,long,2010s,12
19,Ärztinnen,long,2010s,26
20,Ärztinnen,long,2010s,32
21,Ärztinnen,long,2010s,32
22,Ärztinnen,long,2010s,52
23,Ärztinnen,long,2010s,24
24,Ärztinnen,long,2010s,21
25,Ärztinnen,long,2010s,15
26,Ärztinnen,long,2010s,20
27,Ärztinnen,long,2010s,13
28,Ärztinnen,long,2010s,28
29,Ärztinnen,long,2010s,22
30,Ärztinnen,long,2010s,6
31,Ärztinnen,long,2010s,16
32,Ärztinnen,long,2010s,13
33,Ärztinnen,long,2010s,13
34,Ärztinnen,long,2010s,28
35,Ärztinnen,long,2010s,30
36,Ärztinnen,long,2010s,29
37,Ärztinnen,long,2010s,16
38,Ärztinnen,long,2010s,31
39,Ärztinnen,long,2010s,41
40,Ärztinnen,long,2010s,27
41,Ärztinnen,long,2010s,459
42,Ärztinnen,long,2010s,19
43,Ärztinnen,long,2010s,15
44,Ärztinnen,long,2010s,36
45,Ärztinnen,long,2010s,34
46,Ärztinnen,long,2010s,31
47,Ärztinnen,long,2010s,34
48,Ärztinnen,long,2010s,38
49,Ärztinnen,long,2010s,77
50,Ärztinnen,long,2010s,29
51,Ärztinnen,long,2000s,17
52,Ärztinnen,long,2000s,462
53,Ärztinnen,long,2000s,22
54,Ärztinnen,long,2000s,22
55,Ärztinnen,long,2000s,32
56,Ärztinnen,long,2000s,25
57,Ärztinnen,long,2000s,7
58,Ärztinnen,long,2000s,23
59,Ärztinnen,long,2000s,50
60,Ärztinnen,short,2010s,18
61,Ärztinnen,short,2010s,30
62,Ärztinnen,short,2010s,10
63,Ärztinnen,short,2010s,19
64,Ärztinnen,short,2010s,25
65,Ärztinnen,short,2010s,19
66,Ärztinnen,short,2010s,67
67,Ärztinnen,short,2010s,20
68,Ärztinnen,short,2010s,12
69,Ärztinnen,short,2010s,11
70,Ärztinnen,short,2010s,19
71,Ärztinnen,short,2010s,22
72,Ärztinnen,short,2010s,29
73,Ärztinnen,short,2010s,18
74,Ärztinnen,short,2010s,10
75,Ärztinnen,short,2010s,24
76,Ärztinnen,short,2010s,19
77,Ärztinnen,short,2010s,36
78,Ärztinnen,short,2010s,55
79,Ärztinnen,short,2010s,16
80,Ärztinnen,short,2010s,24
81,Ärztinnen,short,2010s,29
82,Ärztinnen,short,2010s,25
83,Ärztinnen,short,2010s,30
84,Ärztinnen,short,2010s,30
85,Ärztinnen,short,2010s,24
86,Ärztinnen,short,2010s,21
87,Ärztinnen,short,2010s,27
88,Ärztinnen,short,2010s,41
89,Ärztinnen,short,2010s,28
90,Ärztinnen,short,2010s,22
91,Ärztinnen,short,2010s,25
92,Ärztinnen,short,2010s,38
93,Ärztinnen,short,2010s,9
94,Ärztinnen,short,2010s,13
95,Ärztinnen,short,2010s,27
96,Ärztinnen,short,2010s,17
97,Ärztinnen,short,2010s,28
98,Ärztinnen,short,2010s,30
99,Ärztinnen,short,2010s,8
100,Ärztinnen,short,2010s,19
101,Ärztinnen,short,2010s,15
102,Ärztinnen,short,2010s,19
103,Ärztinnen,short,2010s,15
104,Ärztinnen,short,2010s,22
105,Ärztinnen,short,2010s,36
106,Ärztinnen,short,2010s,8
107,Ärztinnen,short,2010s,20
108,Ärztinnen,short,2010s,20
109,Ärztinnen,short,2010s,26
110,Ärztinnen,short,2010s,11
111,Ärztinnen,short,2010s,11
112,Ärztinnen,short,2010s,45
113,Ärztinnen,short,2010s,25
114,Ärztinnen,short,2010s,13
115,Ärztinnen,short,2010s,38
116,Ärztinnen,short,2010s,20
117,Ärztinnen,short,2010s,12
118,Ärztinnen,short,2010s,11
119,Ärztinnen,short,2010s,18
120,Ärztinnen,short,2010s,38
121,Ärztinnen,short,2010s,20
122,Ärztinnen,short,2010s,19
123,Ärztinnen,short,2010s,23
124,Ärztinnen,short,2010s,14
125,Ärztinnen,short,2010s,40
126,Ärztinnen,short,2010s,38
127,Ärztinnen,short,2010s,53
128,Ärztinnen,short,2010s,10
129,Ärztinnen,short,2010s,17
130,Ärztinnen,short,2010s,42
131,Ärztinnen,short,2010s,17
132,Ärztinnen,short,2010s,29
133,Ärztinnen,short,2010s,27
134,Ärztinnen,short,2010s,25
135,Ärztinnen,short,2010s,19
136,Ärztinnen,short,2010s,17
137,Ärztinnen,short,2010s,32
138,Ärztinnen,short,2010s,27
139,Ärztinnen,short,2010s,17
140,Ärztinnen,short,2010s,11
141,Ärztinnen,short,2010s,15
142,Ärztinnen,short,2010s,15
143,Ärztinnen,short,2010s,21
144,Ärztinnen,short,2010s,22
145,Ärztinnen,short,2010s,13
146,Ärztinnen,short,2010s,35
147,Ärztinnen,short,2010s,25
148,Ärztinnen,short,2010s,12
149,Ärztinnen,short,2010s,24
150,Ärztinnen,short,2010s,36
151,Ärztinnen,short,2010s,20
152,Ärztinnen,short,2010s,17
153,Ärztinnen,short,2010s,65
154,Ärztinnen,short,2010s,66
155,Ärztinnen,short,2010s,20
156,Ärztinnen,short,2000s,9
157,Ärztinnen,short,2000s,19
158,Ärztinnen,short,2000s,13
159,Lehrerinnen,long,2010s,5
160,Lehrerinnen,long,2010s,19
161,Lehrerinnen,long,2010s,28
162,Lehrerinnen,long,2010s,22
163,Lehrerinnen,long,2010s,10
164,Lehrerinnen,long,2010s,7
165,Lehrerinnen,long,2010s,21
166,Lehrerinnen,long,2010s,8
167,Lehrerinnen,long,2010s,10
168,Lehrerinnen,long,2010s,23
169,Lehrerinnen,long,2010s,30
170,Lehrerinnen,long,2010s,44
171,Lehrerinnen,long,2010s,22
172,Lehrerinnen,long,2010s,16
173,Lehrerinnen,long,2010s,26
174,Lehrerinnen,long,2010s,24
175,Lehrerinnen,long,2010s,61
176,Lehrerinnen,long,2010s,34
177,Lehrerinnen,long,2010s,3
178,Lehrerinnen,long,2010s,12
179,Lehrerinnen,long,2010s,14
180,Lehrerinnen,long,2010s,17
181,Lehrerinnen,long,2000s,38
182,Lehrerinnen,long,2000s,7
183,Lehrerinnen,long,2000s,35
184,Lehrerinnen,long,2000s,21
185,Lehrerinnen,long,2000s,6
186,Lehrerinnen,long,2000s,6
187,Lehrerinnen,long,2000s,32
188,Lehrerinnen,long,2000s,23
189,Lehrerinnen,long,2010s,20
190,Lehrerinnen,long,2010s,28
191,Lehrerinnen,long,2010s,26
192,Lehrerinnen,long,2010s,12
193,Lehrerinnen,long,2010s,21
194,Lehrerinnen,long,2010s,33
195,Lehrerinnen,long,2010s,34
196,Lehrerinnen,long,2010s,18
197,Lehrerinnen,long,2010s,27
198,Lehrerinnen,long,2010s,19
199,Lehrerinnen,long,2010s,34
200,Lehrerinnen,long,2010s,25
201,Lehrerinnen,long,2010s,13
202,Lehrerinnen,long,2010s,9
203,Lehrerinnen,long,2010s,30
204,Lehrerinnen,long,2010s,24
205,Lehrerinnen,long,2010s,30
206,Lehrerinnen,long,2010s,8
207,Lehrerinnen,long,2010s,10
208,Lehrerinnen,long,2010s,16
209,Lehrerinnen,long,2010s,18
210,Lehrerinnen,long,2010s,46
211,Lehrerinnen,long,2010s,30
212,Lehrerinnen,long,2010s,9
213,Lehrerinnen,long,2010s,9
214,Lehrerinnen,long,2010s,15
215,Lehrerinnen,long,2010s,15
216,Lehrerinnen,long,2010s,30
217,Lehrerinnen,long,2010s,19
218,Lehrerinnen,long,2010s,25
219,Lehrerinnen,long,2010s,24
220,Lehrerinnen,long,2010s,27
221,Lehrerinnen,long,2010s,23
222,Lehrerinnen,long,2010s,38
223,Lehrerinnen,long,2010s,36
224,Lehrerinnen,long,2010s,33
225,Lehrerinnen,long,2010s,24
226,Lehrerinnen,long,2010s,16
227,Lehrerinnen,long,2010s,30
228,Lehrerinnen,long,2010s,26
229,Lehrerinnen,long,2010s,21
230,Lehrerinnen,long,2010s,29
231,Lehrerinnen,long,2010s,15
232,Lehrerinnen,long,2010s,20
233,Lehrerinnen,long,2010s,6
234,Lehrerinnen,long,2010s,23
235,Lehrerinnen,long,2010s,19
236,Lehrerinnen,long,2010s,21
237,Lehrerinnen,long,2010s,17
238,Lehrerinnen,long,2010s,28
239,Lehrerinnen,long,2010s,22
240,Lehrerinnen,long,2010s,9
241,Lehrerinnen,long,2010s,23
242,Lehrerinnen,long,2010s,18
243,Lehrerinnen,long,2010s,27
244,Lehrerinnen,long,2010s,6
245,Lehrerinnen,long,2010s,10
246,Lehrerinnen,long,2010s,19
247,Lehrerinnen,long,2010s,24
248,Lehrerinnen,long,2010s,29
249,Lehrerinnen,long,2010s,5
250,Lehrerinnen,long,2010s,12
251,Lehrerinnen,long,2010s,11
252,Lehrerinnen,long,2010s,17
253,Lehrerinnen,long,2010s,21
254,Lehrerinnen,long,2010s,42
255,Lehrerinnen,long,2010s,23
256,Lehrerinnen,long,2010s,47
257,Lehrerinnen,long,2010s,182
258,Lehrerinnen,long,2010s,11
259,Lehrerinnen,long,2010s,21
260,Lehrerinnen,long,2010s,15
261,Lehrerinnen,long,2010s,18
262,Lehrerinnen,long,2010s,20
263,Lehrerinnen,long,2010s,35
264,Lehrerinnen,long,2010s,5
265,Lehrerinnen,long,2010s,64
266,Lehrerinnen,long,2010s,21
267,Lehrerinnen,long,2010s,15
268,Lehrerinnen,long,2010s,17
269,Lehrerinnen,long,2010s,56
270,Lehrerinnen,long,2010s,13
271,Lehrerinnen,long,2010s,14
272,Lehrerinnen,long,2010s,21
273,Lehrerinnen,long,2010s,20
274,Lehrerinnen,long,2010s,32
275,Lehrerinnen,long,2010s,24
276,Lehrerinnen,long,2010s,14
277,Lehrerinnen,long,2010s,23
278,Lehrerinnen,long,2010s,26
279,Lehrerinnen,long,2010s,36
280,Lehrerinnen,long,2010s,22
281,Lehrerinnen,long,2010s,23
282,Lehrerinnen,long,2010s,39
283,Lehrerinnen,long,2010s,42
284,Lehrerinnen,long,2010s,6
285,Lehrerinnen,long,2010s,5
286,Lehrerinnen,long,2010s,27
287,Lehrerinnen,long,2010s,10
288,Lehrerinnen,long,2010s,19
289,Lehrerinnen,long,2010s,25
290,Lehrerinnen,long,2010s,22
291,Lehrerinnen,long,2010s,4
292,Lehrerinnen,long,2010s,38
293,Lehrerinnen,long,2010s,32
294,Lehrerinnen,long,2010s,13
295,Lehrerinnen,long,2010s,9
296,Lehrerinnen,long,2010s,11
297,Lehrerinnen,long,2010s,34
298,Lehrerinnen,long,2010s,16
299,Lehrerinnen,long,2010s,20
300,Lehrerinnen,long,2010s,17
301,Lehrerinnen,long,2010s,32
302,Lehrerinnen,long,2010s,24
303,Lehrerinnen,long,2010s,21
304,Lehrerinnen,long,2010s,12
305,Lehrerinnen,long,2010s,7
306,Lehrerinnen,long,2010s,14
307,Lehrerinnen,long,2010s,24
308,Lehrerinnen,long,2010s,43
309,Lehrerinnen,long,2010s,23
310,Lehrerinnen,long,2010s,8
311,Lehrerinnen,long,2010s,15
312,Lehrerinnen,long,2010s,24
313,Lehrerinnen,long,2010s,21
314,Lehrerinnen,long,2010s,29
315,Lehrerinnen,long,2010s,2
316,Lehrerinnen,long,2010s,30
317,Lehrerinnen,long,2010s,13
318,Lehrerinnen,long,2010s,57
319,Lehrerinnen,long,2010s,17
320,Lehrerinnen,long,2010s,31
321,Lehrerinnen,long,2010s,19
322,Lehrerinnen,long,2010s,12
323,Lehrerinnen,long,2010s,24
324,Lehrerinnen,long,2010s,27
325,Lehrerinnen,long,2010s,14
326,Lehrerinnen,long,2010s,14
327,Lehrerinnen,long,2010s,0
328,Lehrerinnen,long,2010s,11
329,Lehrerinnen,long,2010s,12
330,Lehrerinnen,long,2010s,27
331,Lehrerinnen,long,2010s,18
332,Lehrerinnen,long,2010s,13
333,Lehrerinnen,long,2010s,14
334,Lehrerinnen,long,2010s,26
335,Lehrerinnen,long,2010s,21
336,Lehrerinnen,long,2010s,40
337,Lehrerinnen,long,2010s,24
338,Lehrerinnen,long,2010s,14
339,Lehrerinnen,long,2010s,15
340,Lehrerinnen,long,2010s,17
341,Lehrerinnen,long,2010s,27
342,Lehrerinnen,long,2010s,53
343,Lehrerinnen,long,2010s,21
344,Lehrerinnen,long,2010s,25
345,Lehrerinnen,long,2010s,33
346,Lehrerinnen,long,2010s,5
347,Lehrerinnen,long,2010s,14
348,Lehrerinnen,long,2010s,18
349,Lehrerinnen,long,2010s,11
350,Lehrerinnen,long,2010s,15
351,Lehrerinnen,long,2010s,20
352,Lehrerinnen,long,2010s,13
353,Lehrerinnen,long,2010s,16
354,Lehrerinnen,long,2010s,22
355,Lehrerinnen,long,2010s,15
356,Lehrerinnen,long,2010s,14
357,Lehrerinnen,long,2010s,16
358,Lehrerinnen,long,2010s,36
359,Lehrerinnen,long,2010s,30
360,Lehrerinnen,long,2010s,25
361,Lehrerinnen,long,2010s,14
362,Lehrerinnen,long,2010s,13
363,Lehrerinnen,long,2010s,11
364,Lehrerinnen,long,2010s,14
365,Lehrerinnen,long,2010s,16
366,Lehrerinnen,long,2010s,16
367,Lehrerinnen,long,2010s,32
368,Lehrerinnen,long,2010s,20
369,Lehrerinnen,long,2010s,38
370,Lehrerinnen,long,2010s,14
371,Lehrerinnen,long,2010s,10
372,Lehrerinnen,long,2010s,7
373,Lehrerinnen,long,2010s,30
374,Lehrerinnen,long,2010s,14
375,Lehrerinnen,long,2010s,28
376,Lehrerinnen,long,2010s,49
377,Lehrerinnen,long,2010s,17
378,Lehrerinnen,long,2010s,37
379,Lehrerinnen,long,2010s,35
380,Lehrerinnen,long,2010s,16
381,Lehrerinnen,long,2010s,8
382,Lehrerinnen,long,2010s,12
383,Lehrerinnen,long,2010s,28
384,Lehrerinnen,long,2010s,7
385,Lehrerinnen,long,2010s,20
386,Lehrerinnen,long,2010s,36
387,Lehrerinnen,long,2010s,6
388,Lehrerinnen,long,2010s,22
389,Lehrerinnen,long,2010s,46
390,Lehrerinnen,long,2010s,48
391,Lehrerinnen,long,2010s,27
392,Lehrerinnen,long,2010s,74
393,Lehrerinnen,long,2010s,29
394,Lehrerinnen,long,2010s,25
395,Lehrerinnen,long,2010s,28
396,Lehrerinnen,long,2010s,11
397,Lehrerinnen,long,2010s,10
398,Lehrerinnen,long,2010s,17
399,Lehrerinnen,long,2010s,22
400,Lehrerinnen,long,2010s,9
401,Lehrerinnen,long,2010s,24
402,Lehrerinnen,long,2010s,17
403,Lehrerinnen,long,2010s,24
404,Lehrerinnen,long,2010s,16
405,Lehrerinnen,long,2010s,30
406,Lehrerinnen,long,2010s,14
407,Lehrerinnen,long,2010s,9
408,Lehrerinnen,long,2010s,25
409,Lehrerinnen,long,2010s,16
410,Lehrerinnen,long,2010s,3
411,Lehrerinnen,long,2010s,17
412,Lehrerinnen,long,2010s,15
413,Lehrerinnen,long,2010s,10
414,Lehrerinnen,long,2010s,7
415,Lehrerinnen,long,2010s,32
416,Lehrerinnen,long,2010s,26
417,Lehrerinnen,long,2010s,9
418,Lehrerinnen,long,2010s,2
419,Lehrerinnen,long,2010s,6
420,Lehrerinnen,long,2010s,19
421,Lehrerinnen,long,2010s,45
422,Lehrerinnen,long,2010s,27
423,Lehrerinnen,long,2010s,26
424,Lehrerinnen,long,2010s,34
425,Lehrerinnen,long,2010s,6
426,Lehrerinnen,long,2010s,31
427,Lehrerinnen,long,2010s,28
428,Lehrerinnen,long,2010s,29
429,Lehrerinnen,long,2010s,28
430,Lehrerinnen,long,2010s,24
431,Lehrerinnen,long,2010s,20
432,Lehrerinnen,long,2010s,9
433,Lehrerinnen,long,2010s,30
434,Lehrerinnen,long,2010s,28
435,Lehrerinnen,long,2010s,27
436,Lehrerinnen,long,2010s,15
437,Lehrerinnen,long,2010s,6
438,Lehrerinnen,long,2010s,29
439,Lehrerinnen,long,2010s,55
440,Lehrerinnen,long,2010s,18
441,Lehrerinnen,long,2010s,47
442,Lehrerinnen,long,2010s,31
443,Lehrerinnen,long,2010s,10
444,Lehrerinnen,long,2010s,13
445,Lehrerinnen,long,2010s,11
446,Lehrerinnen,long,2010s,10
447,Lehrerinnen,long,2010s,16
448,Lehrerinnen,long,2010s,15
449,Lehrerinnen,long,2010s,41
450,Lehrerinnen,long,2010s,19
451,Lehrerinnen,long,2010s,37
452,Lehrerinnen,long,2010s,35
453,Lehrerinnen,long,2010s,28
454,Lehrerinnen,long,2010s,8
455,Lehrerinnen,long,2010s,30
456,Lehrerinnen,long,2010s,10
457,Lehrerinnen,long,2010s,11
458,Lehrerinnen,long,2010s,13
459,Lehrerinnen,long,2010s,18
460,Lehrerinnen,long,2010s,38
461,Lehrerinnen,long,2010s,13
462,Lehrerinnen,long,2010s,14
463,Lehrerinnen,long,2010s,36
464,Lehrerinnen,long,2010s,20
465,Lehrerinnen,long,2010s,42
466,Lehrerinnen,long,2010s,41
467,Lehrerinnen,long,2010s,13
468,Lehrerinnen,long,2010s,25
469,Lehrerinnen,long,2010s,15
470,Lehrerinnen,long,2010s,16
471,Lehrerinnen,long,2010s,14
472,Lehrerinnen,long,2010s,8
473,Lehrerinnen,long,2010s,7
474,Lehrerinnen,long,2010s,88
475,Lehrerinnen,long,2010s,88
476,Lehrerinnen,long,2010s,62
477,Lehrerinnen,long,2010s,7
478,Lehrerinnen,long,2000s,28
479,Lehrerinnen,long,2000s,42
480,Lehrerinnen,long,2000s,14
481,Lehrerinnen,long,2000s,38
482,Lehrerinnen,long,2000s,12
483,Lehrerinnen,long,2000s,59
484,Lehrerinnen,long,2000s,17
485,Lehrerinnen,long,2000s,22
486,Lehrerinnen,long,2000s,33
487,Lehrerinnen,long,2000s,21
488,Lehrerinnen,long,2000s,8
489,Lehrerinnen,long,2000s,65
490,Lehrerinnen,long,2000s,5
491,Lehrerinnen,short,2010s,26
492,Lehrerinnen,short,2010s,38
493,Lehrerinnen,short,2010s,16
494,Lehrerinnen,short,2010s,7
495,Lehrerinnen,short,2010s,75
496,Lehrerinnen,short,2010s,10
497,Lehrerinnen,short,2010s,14
498,Lehrerinnen,short,2010s,17
499,Lehrerinnen,short,2010s,9
500,Lehrerinnen,short,2010s,16
501,Lehrerinnen,short,2010s,11
502,Lehrerinnen,short,2010s,42
503,Lehrerinnen,short,2010s,8
504,Lehrerinnen,short,2010s,12
505,Lehrerinnen,short,2010s,29
506,Lehrerinnen,short,2010s,21
507,Lehrerinnen,short,2010s,12
508,Lehrerinnen,short,2010s,43
509,Lehrerinnen,short,2010s,29
510,Lehrerinnen,short,2010s,27
511,Lehrerinnen,short,2010s,12
512,Lehrerinnen,short,2010s,20
513,Lehrerinnen,short,2010s,30
514,Lehrerinnen,short,2010s,20
515,Lehrerinnen,short,2010s,14
516,Lehrerinnen,short,2010s,8
517,Lehrerinnen,short,2010s,23
518,Lehrerinnen,short,2010s,37
519,Lehrerinnen,short,2010s,23
520,Lehrerinnen,short,2010s,19
521,Lehrerinnen,short,2010s,17
522,Lehrerinnen,short,2010s,34
523,Lehrerinnen,short,2010s,16
524,Lehrerinnen,short,2010s,16
525,Lehrerinnen,short,2010s,20
526,Lehrerinnen,short,2010s,21
527,Lehrerinnen,short,2010s,13
528,Lehrerinnen,short,2010s,26
529,Lehrerinnen,short,2010s,17
530,Lehrerinnen,short,2010s,18
531,Lehrerinnen,short,2010s,34
532,Lehrerinnen,short,2010s,19
533,Lehrerinnen,short,2010s,66
534,Lehrerinnen,short,2010s,15
535,Lehrerinnen,short,2010s,27
536,Lehrerinnen,short,2010s,23
537,Lehrerinnen,short,2010s,7
538,Lehrerinnen,short,2010s,31
539,Lehrerinnen,short,2010s,5
540,Lehrerinnen,short,2010s,57
541,Lehrerinnen,short,2010s,35
542,Lehrerinnen,short,2010s,64
543,Lehrerinnen,short,2010s,24
544,Lehrerinnen,short,2010s,28
545,Lehrerinnen,short,2010s,26
546,Lehrerinnen,short,2010s,34
547,Lehrerinnen,short,2010s,27
548,Lehrerinnen,short,2010s,14
549,Lehrerinnen,short,2010s,12
550,Lehrerinnen,short,2010s,13
551,Lehrerinnen,short,2010s,34
552,Lehrerinnen,short,2010s,12
553,Lehrerinnen,short,2010s,33
554,Lehrerinnen,short,2010s,2
555,Lehrerinnen,short,2010s,3
556,Lehrerinnen,short,2010s,16
557,Lehrerinnen,short,2010s,11
558,Lehrerinnen,short,2010s,38
559,Lehrerinnen,short,2010s,19
560,Lehrerinnen,short,2010s,19
561,Lehrerinnen,short,2010s,41
562,Lehrerinnen,short,2010s,57
563,Lehrerinnen,short,2010s,31
564,Lehrerinnen,short,2010s,15
565,Lehrerinnen,short,2010s,31
566,Lehrerinnen,short,2010s,13
567,Lehrerinnen,short,2010s,39
568,Lehrerinnen,short,2010s,41
569,Lehrerinnen,short,2010s,42
570,Lehrerinnen,short,2010s,31
571,Lehrerinnen,short,2010s,20
572,Lehrerinnen,short,2010s,28
573,Lehrerinnen,short,2010s,19
574,Lehrerinnen,short,2010s,35
575,Lehrerinnen,short,2010s,45
576,Lehrerinnen,short,2010s,17
577,Lehrerinnen,short,2010s,67
578,Lehrerinnen,short,2010s,16
579,Lehrerinnen,short,2010s,12
580,Lehrerinnen,short,2010s,28
581,Lehrerinnen,short,2010s,20
582,Lehrerinnen,short,2010s,48
583,Lehrerinnen,short,2010s,21
584,Lehrerinnen,short,2010s,23
585,Lehrerinnen,short,2010s,14
586,Lehrerinnen,short,2010s,8
587,Lehrerinnen,short,2010s,31
588,Lehrerinnen,short,2010s,31
589,Lehrerinnen,short,2010s,12
590,Lehrerinnen,short,2010s,30
591,Lehrerinnen,short,2010s,49
592,Lehrerinnen,short,2010s,29
593,Lehrerinnen,short,2010s,12
594,Lehrerinnen,short,2010s,9
595,Lehrerinnen,short,2010s,13
596,Lehrerinnen,short,2010s,16
597,Lehrerinnen,short,2010s,12
598,Lehrerinnen,short,2010s,21
599,Lehrerinnen,short,2010s,42
600,Lehrerinnen,short,2010s,101
601,Lehrerinnen,short,2010s,68
602,Lehrerinnen,short,2010s,36
603,Lehrerinnen,short,2010s,10
604,Lehrerinnen,short,2010s,16
605,Lehrerinnen,short,2010s,31
606,Lehrerinnen,short,2010s,21
607,Lehrerinnen,short,2010s,24
608,Lehrerinnen,short,2010s,17
609,Lehrerinnen,short,2010s,21
610,Lehrerinnen,short,2010s,19
611,Lehrerinnen,short,2010s,38
612,Lehrerinnen,short,2010s,22
613,Lehrerinnen,short,2010s,10
614,Lehrerinnen,short,2010s,26
615,Lehrerinnen,short,2010s,23
616,Lehrerinnen,short,2010s,12
617,Lehrerinnen,short,2010s,22
618,Lehrerinnen,short,2010s,22
619,Lehrerinnen,short,2010s,19
620,Lehrerinnen,short,2010s,43
621,Lehrerinnen,short,2010s,29
622,Lehrerinnen,short,2010s,21
623,Lehrerinnen,short,2010s,6
624,Lehrerinnen,short,2010s,18
625,Lehrerinnen,short,2010s,16
626,Lehrerinnen,short,2010s,16
627,Lehrerinnen,short,2010s,20
628,Lehrerinnen,short,2010s,23
629,Lehrerinnen,short,2010s,12
630,Lehrerinnen,short,2010s,14
631,Lehrerinnen,short,2010s,25
632,Lehrerinnen,short,2010s,6
633,Lehrerinnen,short,2010s,3
634,Lehrerinnen,short,2010s,23
635,Lehrerinnen,short,2010s,16
636,Lehrerinnen,short,2010s,8
637,Lehrerinnen,short,2010s,25
638,Lehrerinnen,short,2010s,35
639,Lehrerinnen,short,2010s,24
640,Lehrerinnen,short,2010s,24
641,Lehrerinnen,short,2010s,11
642,Lehrerinnen,short,2010s,32
643,Lehrerinnen,short,2010s,22
644,Lehrerinnen,short,2010s,18
645,Lehrerinnen,short,2010s,23
646,Lehrerinnen,short,2010s,17
647,Lehrerinnen,short,2010s,21
648,Lehrerinnen,short,2010s,9
649,Lehrerinnen,short,2010s,17
650,Lehrerinnen,short,2010s,23
651,Lehrerinnen,short,2010s,5
652,Lehrerinnen,short,2010s,43
653,Lehrerinnen,short,2010s,39
654,Lehrerinnen,short,2010s,7
655,Lehrerinnen,short,2010s,21
656,Lehrerinnen,short,2010s,33
657,Lehrerinnen,short,2010s,33
658,Lehrerinnen,short,2010s,45
659,Lehrerinnen,short,2010s,14
660,Lehrerinnen,short,2010s,25
661,Lehrerinnen,short,2010s,23
662,Lehrerinnen,short,2010s,43
663,Lehrerinnen,short,2010s,11
664,Lehrerinnen,short,2010s,15
665,Lehrerinnen,short,2010s,21
666,Lehrerinnen,short,2010s,22
667,Lehrerinnen,short,2010s,30
668,Lehrerinnen,short,2010s,10
669,Lehrerinnen,short,2010s,24
670,Lehrerinnen,short,2010s,15
671,Lehrerinnen,short,2010s,26
672,Lehrerinnen,short,2010s,14
673,Lehrerinnen,short,2010s,30
674,Lehrerinnen,short,2010s,37
675,Lehrerinnen,short,2010s,11
676,Lehrerinnen,short,2010s,17
677,Lehrerinnen,short,2010s,17
678,Lehrerinnen,short,2010s,21
679,Lehrerinnen,short,2010s,20
680,Lehrerinnen,short,2010s,24
681,Lehrerinnen,short,2010s,17
682,Lehrerinnen,short,2010s,37
683,Lehrerinnen,short,2010s,3
684,Lehrerinnen,short,2010s,22
685,Lehrerinnen,short,2010s,22
686,Lehrerinnen,short,2010s,17
687,Lehrerinnen,short,2010s,37
688,Lehrerinnen,short,2010s,12
689,Lehrerinnen,short,2010s,90
690,Lehrerinnen,short,2010s,90
691,Lehrerinnen,short,2010s,2
692,Lehrerinnen,short,2010s,13
693,Lehrerinnen,short,2010s,28
694,Lehrerinnen,short,2010s,27
695,Lehrerinnen,short,2010s,23
696,Lehrerinnen,short,2000s,27
697,Lehrerinnen,short,2000s,14
698,Lehrerinnen,short,2000s,25
699,Lehrerinnen,short,2000s,30
700,Lehrerinnen,short,2000s,35
701,Lehrerinnen,short,2000s,38
702,Lehrerinnen,short,2000s,13
703,Lehrerinnen,short,2000s,22
704,Lehrerinnen,short,2000s,24
705,Lehrerinnen,short,2000s,6
706,Lehrerinnen,short,2000s,28
707,Lehrerinnen,short,2000s,16
708,Lehrerinnen,short,2000s,10
709,Lehrerinnen,short,2000s,23
710,Lehrerinnen,short,2000s,32
711,Lehrerinnen,short,2000s,54
712,Lehrerinnen,short,2000s,39
713,Lehrerinnen,short,2000s,16
714,Lehrerinnen,short,2000s,8
715,Lehrerinnen,short,2000s,33
716,Lehrerinnen,short,2000s,34
717,Lehrerinnen,short,2000s,14
718,Lehrerinnen,short,2000s,12
719,Lehrerinnen,short,2000s,11
720,Lehrerinnen,short,2000s,12
721,Lehrerinnen,short,2000s,23
722,Lehrerinnen,short,2000s,41
723,Lehrerinnen,short,2000s,39
724,Lehrerinnen,short,2000s,14
725,Lehrerinnen,short,2000s,9
726,Lehrerinnen,short,2000s,6
727,Lehrerinnen,short,2000s,34
728,Lehrerinnen,short,2000s,51
729,Lehrerinnen,short,2000s,26
730,Lehrerinnen,short,2000s,16
731,Lehrerinnen,short,2000s,10
732,Lehrerinnen,short,2000s,20
733,Lehrerinnen,short,2000s,10
734,Lehrerinnen,short,2000s,9
735,Lehrerinnen,short,2000s,9
736,Lehrerinnen,short,2000s,40
737,Lehrerinnen,short,2000s,15
738,Lehrerinnen,short,2000s,19
739,Lehrerinnen,short,2000s,37
740,Lehrerinnen,short,2000s,8
741,Lehrerinnen,short,2000s,15
742,Lehrerinnen,short,2000s,20
743,Lehrerinnen,short,2000s,19
744,Lehrerinnen,short,2000s,30
745,Lehrerinnen,short,2000s,18
746,Lehrerinnen,short,2000s,13
747,Lehrerinnen,short,2000s,28
748,Lehrerinnen,short,2000s,58
749,Lehrerinnen,short,2000s,12
750,Lehrerinnen,short,2000s,38
751,Lehrerinnen,short,2000s,12
752,Lehrerinnen,short,2000s,38
753,Lehrerinnen,short,2000s,18
754,Lehrerinnen,short,2000s,10
755,Lehrerinnen,short,2000s,24
756,Lehrerinnen,short,2000s,38
757,Politikerinnen,long,2010s,20
758,Politikerinnen,long,2010s,7
759,Politikerinnen,long,2010s,15
760,Politikerinnen,long,2010s,2
761,Politikerinnen,long,2010s,5
762,Politikerinnen,long,2010s,21
763,Politikerinnen,long,2010s,33
764,Politikerinnen,long,2010s,18
765,Politikerinnen,long,2010s,30
766,Politikerinnen,long,2010s,48
767,Politikerinnen,long,2010s,55
768,Politikerinnen,long,2010s,55
769,Politikerinnen,long,2010s,44
770,Politikerinnen,long,2010s,23
771,Politikerinnen,long,2010s,80
772,Politikerinnen,long,2010s,38
773,Politikerinnen,long,2010s,55
774,Politikerinnen,long,2010s,17
775,Politikerinnen,long,2010s,23
776,Politikerinnen,long,2010s,15
777,Politikerinnen,long,2010s,8
778,Politikerinnen,long,2010s,19
779,Politikerinnen,long,2010s,18
780,Politikerinnen,long,2010s,41
781,Politikerinnen,long,2010s,25
782,Politikerinnen,long,2010s,63
783,Politikerinnen,long,2010s,9
784,Politikerinnen,long,2010s,14
785,Politikerinnen,long,2010s,142
786,Politikerinnen,long,2010s,19
787,Politikerinnen,long,2010s,9
788,Politikerinnen,long,2010s,40
789,Politikerinnen,long,2010s,28
790,Politikerinnen,long,2010s,26
791,Politikerinnen,long,2010s,26
792,Politikerinnen,long,2010s,20
793,Politikerinnen,long,2010s,13
794,Politikerinnen,long,2010s,19
795,Politikerinnen,long,2010s,41
796,Politikerinnen,long,2010s,20
797,Politikerinnen,long,2010s,42
798,Politikerinnen,long,2010s,23
799,Politikerinnen,long,2010s,20
800,Politikerinnen,long,2010s,6
801,Politikerinnen,long,2010s,15
802,Politikerinnen,long,2010s,27
803,Politikerinnen,long,2010s,24
804,Politikerinnen,long,2010s,25
805,Politikerinnen,long,2010s,21
806,Politikerinnen,long,2010s,15
807,Politikerinnen,long,2010s,10
808,Politikerinnen,long,2010s,19
809,Politikerinnen,long,2010s,27
810,Politikerinnen,long,2010s,28
811,Politikerinnen,long,2010s,32
812,Politikerinnen,long,2010s,50
813,Politikerinnen,long,2010s,42
814,Politikerinnen,long,2010s,23
815,Politikerinnen,long,2010s,10
816,Politikerinnen,long,2010s,11
817,Politikerinnen,long,2010s,52
818,Politikerinnen,long,2010s,23
819,Politikerinnen,long,2010s,5
820,Politikerinnen,long,2010s,36
821,Politikerinnen,long,2010s,12
822,Politikerinnen,long,2010s,16
823,Politikerinnen,long,2010s,29
824,Politikerinnen,long,2000s,40
825,Politikerinnen,long,2000s,33
826,Politikerinnen,long,2000s,35
827,Politikerinnen,long,2000s,32
828,Politikerinnen,short,2010s,16
829,Politikerinnen,short,2010s,15
830,Politikerinnen,short,2010s,22
831,Politikerinnen,short,2010s,18
832,Politikerinnen,short,2010s,27
833,Politikerinnen,short,2010s,16
834,Politikerinnen,short,2010s,39
835,Politikerinnen,short,2010s,7
836,Politikerinnen,short,2010s,12
837,Politikerinnen,short,2010s,18
838,Politikerinnen,short,2010s,18
839,Politikerinnen,short,2010s,11
840,Politikerinnen,short,2010s,26
841,Politikerinnen,short,2010s,20
842,Politikerinnen,short,2010s,11
843,Politikerinnen,short,2010s,23
844,Politikerinnen,short,2010s,34
845,Politikerinnen,short,2010s,47
846,Politikerinnen,short,2010s,31
847,Politikerinnen,short,2010s,28
848,Politikerinnen,short,2010s,20
849,Politikerinnen,short,2010s,57
850,Politikerinnen,short,2010s,53
851,Politikerinnen,short,2010s,35
852,Politikerinnen,short,2010s,36
853,Politikerinnen,short,2010s,20
854,Politikerinnen,short,2010s,21
855,Politikerinnen,short,2010s,7
856,Politikerinnen,short,2010s,6
857,Politikerinnen,short,2010s,19
858,Politikerinnen,short,2010s,36
859,Politikerinnen,short,2010s,26
860,Politikerinnen,short,2010s,36
861,Politikerinnen,short,2010s,21
862,Politikerinnen,short,2010s,9
863,Politikerinnen,short,2010s,8
864,Politikerinnen,short,2010s,11
865,Politikerinnen,short,2010s,29
866,Politikerinnen,short,2010s,19
867,Politikerinnen,short,2010s,32
868,Politikerinnen,short,2010s,35
869,Politikerinnen,short,2010s,16
870,Politikerinnen,short,2010s,15
871,Politikerinnen,short,2010s,9
872,Politikerinnen,short,2010s,33
873,Politikerinnen,short,2010s,20
874,Politikerinnen,short,2010s,27
875,Politikerinnen,short,2010s,12
876,Politikerinnen,short,2010s,30
877,Politikerinnen,short,2010s,25
878,Politikerinnen,short,2010s,15
879,Politikerinnen,short,2010s,16
880,Politikerinnen,short,2010s,12
881,Politikerinnen,short,2010s,21
882,Politikerinnen,short,2010s,14
883,Politikerinnen,short,2010s,43
884,Politikerinnen,short,2010s,16
885,Politikerinnen,short,2010s,29
886,Politikerinnen,short,2010s,53
887,Politikerinnen,short,2010s,40
888,Politikerinnen,short,2010s,13
889,Politikerinnen,short,2010s,12
890,Politikerinnen,short,2010s,4
891,Politikerinnen,short,2010s,18
892,Politikerinnen,short,2010s,10
893,Politikerinnen,short,2010s,36
894,Politikerinnen,short,2010s,9
895,Politikerinnen,short,2010s,36
896,Politikerinnen,short,2010s,13
897,Politikerinnen,short,2010s,8
898,Politikerinnen,short,2010s,14
899,Politikerinnen,short,2010s,25
900,Politikerinnen,short,2010s,18
901,Politikerinnen,short,2010s,15
902,Politikerinnen,short,2010s,14
903,Politikerinnen,short,2010s,24
904,Politikerinnen,short,2010s,30
905,Politikerinnen,short,2010s,2
906,Politikerinnen,short,2010s,28
907,Politikerinnen,short,2010s,20
908,Politikerinnen,short,2010s,6
909,Politikerinnen,short,2010s,25
910,Politikerinnen,short,2010s,38
911,Politikerinnen,short,2010s,24
912,Politikerinnen,short,2010s,40
913,Politikerinnen,short,2010s,21
914,Politikerinnen,short,2010s,14
915,Politikerinnen,short,2010s,13
916,Politikerinnen,short,2010s,15
917,Politikerinnen,short,2010s,27
918,Politikerinnen,short,2010s,27
919,Politikerinnen,short,2010s,22
920,Politikerinnen,short,2010s,54
921,Politikerinnen,short,2010s,12
922,Politikerinnen,short,2010s,15
923,Politikerinnen,short,2010s,14
924,Politikerinnen,short,2010s,14
925,Politikerinnen,short,2010s,40
926,Politikerinnen,short,2010s,7
927,Politikerinnen,short,2010s,14
928,Politikerinnen,short,2010s,24
929,Politikerinnen,short,2010s,11
930,Politikerinnen,short,2010s,43
931,Politikerinnen,short,2010s,22
932,Politikerinnen,short,2010s,25
933,Politikerinnen,short,2010s,9
934,Politikerinnen,short,2010s,5
935,Politikerinnen,short,2010s,8
936,Politikerinnen,short,2010s,7
937,Politikerinnen,short,2010s,5
938,Politikerinnen,short,2010s,12
939,Politikerinnen,short,2010s,19
940,Politikerinnen,short,2010s,25
941,Politikerinnen,short,2010s,23
942,Politikerinnen,short,2010s,19
943,Politikerinnen,short,2010s,16
944,Politikerinnen,short,2010s,4
945,Politikerinnen,short,2010s,16
946,Politikerinnen,short,2010s,26
947,Politikerinnen,short,2010s,24
948,Politikerinnen,short,2010s,36
949,Politikerinnen,short,2010s,34
950,Politikerinnen,short,2010s,39
951,Politikerinnen,short,2010s,36
952,Politikerinnen,short,2010s,8
953,Politikerinnen,short,2010s,9
954,Politikerinnen,short,2010s,15
955,Politikerinnen,short,2010s,19
956,Politikerinnen,short,2010s,25
957,Politikerinnen,short,2010s,28
958,Politikerinnen,short,2010s,39
959,Politikerinnen,short,2010s,16
960,Politikerinnen,short,2010s,10
961,Politikerinnen,short,2010s,36
962,Politikerinnen,short,2010s,41
963,Politikerinnen,short,2010s,27
964,Politikerinnen,short,2010s,44
965,Politikerinnen,short,2010s,19
966,Politikerinnen,short,2010s,27
967,Politikerinnen,short,2010s,12
968,Politikerinnen,short,2010s,12
969,Politikerinnen,short,2010s,23
970,Politikerinnen,short,2010s,35
971,Politikerinnen,short,2010s,12
972,Politikerinnen,short,2010s,22
973,Politikerinnen,short,2010s,16
974,Politikerinnen,short,2010s,35
975,Politikerinnen,short,2010s,15
976,Politikerinnen,short,2010s,18
977,Politikerinnen,short,2010s,47
978,Politikerinnen,short,2010s,24
979,Politikerinnen,short,2010s,31
980,Politikerinnen,short,2010s,10
981,Politikerinnen,short,2010s,26
982,Politikerinnen,short,2010s,43
983,Politikerinnen,short,2010s,18
984,Politikerinnen,short,2010s,22
985,Politikerinnen,short,2010s,25
986,Politikerinnen,short,2010s,36
987,Politikerinnen,short,2010s,5
988,Politikerinnen,short,2010s,20
989,Politikerinnen,short,2010s,39
990,Politikerinnen,short,2010s,17
991,Politikerinnen,short,2010s,11
992,Politikerinnen,short,2010s,17
993,Politikerinnen,short,2010s,31
994,Politikerinnen,short,2010s,2
995,Politikerinnen,short,2010s,22
996,Politikerinnen,short,2010s,42
997,Politikerinnen,short,2010s,30
998,Politikerinnen,short,2010s,33
999,Politikerinnen,short,2010s,9
1000,Politikerinnen,short,2000s,32
1001,Politikerinnen,short,2000s,23
1002,Politikerinnen,short,2000s,20
1003,Politikerinnen,short,2000s,10
1004,Politikerinnen,short,2000s,12
1005,Politikerinnen,short,2000s,11
1006,Politikerinnen,short,2000s,9
1007,Politikerinnen,short,2000s,31
1008,Politikerinnen,short,2000s,33
1009,Politikerinnen,short,2000s,15
1010,Politikerinnen,short,2000s,19
1011,Politikerinnen,short,2000s,37
1012,Politikerinnen,short,2000s,13
1013,Politikerinnen,short,2000s,10
1014,Politikerinnen,short,2000s,25
1015,Politikerinnen,short,2000s,25
1016,Politikerinnen,short,2000s,20
1017,Politikerinnen,short,2000s,39
1018,Politikerinnen,short,2000s,15
1019,Politikerinnen,short,2000s,73
1020,Politikerinnen,short,2000s,6
1021,Politikerinnen,short,2000s,7
1022,Politikerinnen,short,2000s,31
1023,Politikerinnen,short,2000s,16
1024,Politikerinnen,short,2000s,26
1025,Politikerinnen,short,2000s,19
1026,Politikerinnen,short,2000s,14
1027,Politikerinnen,short,2000s,61
1028,Politikerinnen,short,2000s,9
1029,Politikerinnen,short,2000s,11
1030,Politikerinnen,short,2000s,11
1031,Politikerinnen,short,2000s,19
1032,Politikerinnen,short,2000s,35
1033,Politikerinnen,short,2000s,15
1034,Politikerinnen,short,2000s,24
1035,Politikerinnen,short,2000s,19
1036,Politikerinnen,short,2000s,26
1037,Politikerinnen,short,2000s,34
1038,Politikerinnen,short,2000s,15
1039,Politikerinnen,short,2000s,15
1040,Politikerinnen,short,2000s,14
1041,Politikerinnen,short,2000s,27
1042,Politikerinnen,short,2000s,32
1043,Politikerinnen,short,2000s,14
1044,Politikerinnen,short,2000s,14
1045,Politikerinnen,short,2000s,49
1046,Politikerinnen,short,2000s,37
1047,Politikerinnen,short,2000s,18
1048,Politikerinnen,short,2000s,56
1049,Politikerinnen,short,2000s,55
1050,Politikerinnen,short,2000s,13
1051,Politikerinnen,short,2000s,10
1052,Politikerinnen,short,2000s,25
1053,Politikerinnen,short,2000s,25
1054,Politikerinnen,short,2000s,21
1055,Politikerinnen,short,2000s,30
1056,Politikerinnen,short,2000s,15
1057,Politikerinnen,short,2000s,21
1058,Politikerinnen,short,2000s,15
1059,Studentinnen,long,2010s,51
1060,Studentinnen,long,2010s,24
1061,Studentinnen,long,2010s,28
1062,Studentinnen,long,2010s,21
1063,Studentinnen,long,2010s,34
1064,Studentinnen,long,2010s,20
1065,Studentinnen,long,2010s,35
1066,Studentinnen,long,2010s,36
1067,Studentinnen,long,2010s,16
1068,Studentinnen,long,2010s,13
1069,Studentinnen,long,2000s,17
1070,Studentinnen,long,2000s,19
1071,Studentinnen,long,2000s,32
1072,Studentinnen,long,2000s,19
1073,Studentinnen,long,2000s,14
1074,Studentinnen,long,2000s,21
1075,Studentinnen,long,2000s,22
1076,Studentinnen,long,2010s,26
1077,Studentinnen,long,2010s,14
1078,Studentinnen,long,2010s,26
1079,Studentinnen,long,2010s,11
1080,Studentinnen,long,2010s,43
1081,Studentinnen,long,2010s,34
1082,Studentinnen,long,2010s,32
1083,Studentinnen,long,2010s,11
1084,Studentinnen,long,2010s,24
1085,Studentinnen,long,2010s,40
1086,Studentinnen,long,2010s,15
1087,Studentinnen,long,2010s,21
1088,Studentinnen,long,2010s,29
1089,Studentinnen,long,2010s,24
1090,Studentinnen,long,2010s,13
1091,Studentinnen,long,2010s,15
1092,Studentinnen,long,2010s,49
1093,Studentinnen,long,2010s,62
1094,Studentinnen,long,2010s,15
1095,Studentinnen,long,2010s,0
1096,Studentinnen,long,2010s,71
1097,Studentinnen,long,2010s,1
1098,Studentinnen,long,2010s,6
1099,Studentinnen,long,2010s,7
1100,Studentinnen,long,2010s,28
1101,Studentinnen,long,2010s,17
1102,Studentinnen,long,2010s,9
1103,Studentinnen,long,2010s,16
1104,Studentinnen,long,2010s,65
1105,Studentinnen,long,2010s,10
1106,Studentinnen,long,2000s,20
1107,Studentinnen,long,2000s,13
1108,Studentinnen,long,2000s,11
1109,Studentinnen,long,2000s,28
1110,Studentinnen,long,2000s,26
1111,Studentinnen,long,2000s,17
1112,Studentinnen,long,2000s,23
1113,Studentinnen,long,2000s,36
1114,Studentinnen,long,2000s,18
1115,Studentinnen,long,2000s,19
1116,Studentinnen,long,2000s,12
1117,Studentinnen,long,2000s,21
1118,Studentinnen,short,2010s,8
1119,Studentinnen,short,2010s,21
1120,Studentinnen,short,2010s,22
1121,Studentinnen,short,2010s,40
1122,Studentinnen,short,2010s,15
1123,Studentinnen,short,2010s,18
1124,Studentinnen,short,2010s,26
1125,Studentinnen,short,2010s,35
1126,Studentinnen,short,2010s,27
1127,Studentinnen,short,2010s,36
1128,Studentinnen,short,2010s,28
1129,Studentinnen,short,2010s,36
1130,Studentinnen,short,2010s,28
1131,Studentinnen,short,2010s,15
1132,Studentinnen,short,2010s,24
1133,Studentinnen,short,2010s,19
1134,Studentinnen,short,2010s,28
1135,Studentinnen,short,2010s,2
1136,Studentinnen,short,2010s,21
1137,Studentinnen,short,2010s,7
1138,Studentinnen,short,2010s,46
1139,Studentinnen,short,2010s,14
1140,Studentinnen,short,2010s,15
1141,Studentinnen,short,2010s,21
1142,Studentinnen,short,2010s,32
1143,Studentinnen,short,2010s,23
1144,Studentinnen,short,2010s,16
1145,Studentinnen,short,2010s,20
1146,Studentinnen,short,2010s,9
1147,Studentinnen,short,2010s,14
1148,Studentinnen,short,2010s,10
1149,Studentinnen,short,2010s,13
1150,Studentinnen,short,2010s,28
1151,Studentinnen,short,2010s,22
1152,Studentinnen,short,2010s,19
1153,Studentinnen,short,2010s,8
1154,Studentinnen,short,2010s,21
1155,Studentinnen,short,2010s,21
1156,Studentinnen,short,2010s,6
1157,Studentinnen,short,2010s,13
1158,Studentinnen,short,2010s,13
1159,Studentinnen,short,2010s,24
1160,Studentinnen,short,2010s,9
1161,Studentinnen,short,2010s,16
1162,Studentinnen,short,2010s,14
1163,Studentinnen,short,2010s,31
1164,Studentinnen,short,2010s,10
1165,Studentinnen,short,2010s,28
1166,Studentinnen,short,2010s,23
1167,Studentinnen,short,2010s,23
1168,Studentinnen,short,2010s,15
1169,Studentinnen,short,2010s,5
1170,Studentinnen,short,2010s,25
1171,Studentinnen,short,2010s,36
1172,Studentinnen,short,2010s,3
1173,Studentinnen,short,2010s,14
1174,Studentinnen,short,2010s,13
1175,Studentinnen,short,2010s,14
1176,Studentinnen,short,2010s,35
1177,Studentinnen,short,2010s,6
1178,Studentinnen,short,2010s,46
1179,Studentinnen,short,2010s,29
1180,Studentinnen,short,2010s,73
1181,Studentinnen,short,2010s,39
1182,Studentinnen,short,2010s,31
1183,Studentinnen,short,2010s,21
1184,Studentinnen,short,2010s,187
1185,Studentinnen,short,2010s,19
1186,Studentinnen,short,2010s,24
1187,Studentinnen,short,2010s,20
1188,Studentinnen,short,2010s,85
1189,Studentinnen,short,2010s,20
1190,Studentinnen,short,2010s,14
1191,Studentinnen,short,2010s,26
1192,Studentinnen,short,2010s,27
1193,Studentinnen,short,2010s,35
1194,Studentinnen,short,2010s,30
1195,Studentinnen,short,2010s,14
1196,Studentinnen,short,2010s,24
1197,Studentinnen,short,2010s,32
1198,Studentinnen,short,2010s,23
1199,Studentinnen,short,2010s,27
1200,Studentinnen,short,2010s,46
1201,Studentinnen,short,2010s,18
1202,Studentinnen,short,2010s,21
1203,Studentinnen,short,2010s,93
1204,Studentinnen,short,2010s,8
1205,Studentinnen,short,2010s,11
1206,Studentinnen,short,2010s,25
1207,Studentinnen,short,2010s,26
1208,Studentinnen,short,2010s,23
1209,Studentinnen,short,2010s,7
1210,Studentinnen,short,2010s,19
1211,Studentinnen,short,2010s,26
1212,Studentinnen,short,2010s,10
1213,Studentinnen,short,2010s,14
1214,Studentinnen,short,2010s,19
1215,Studentinnen,short,2010s,23
1216,Studentinnen,short,2010s,14
1217,Studentinnen,short,2010s,86
1218,Studentinnen,short,2010s,16
1219,Studentinnen,short,2010s,27
1220,Studentinnen,short,2010s,18
1221,Studentinnen,short,2010s,19
1222,Studentinnen,short,2010s,39
1223,Studentinnen,short,2010s,8
1224,Studentinnen,short,2010s,24
1225,Studentinnen,short,2010s,35
1226,Studentinnen,short,2010s,57
1227,Studentinnen,short,2010s,34
1228,Studentinnen,short,2010s,33
1229,Studentinnen,short,2010s,12
1230,Studentinnen,short,2010s,16
1231,Studentinnen,short,2010s,14
1232,Studentinnen,short,2010s,10
1233,Studentinnen,short,2010s,23
1234,Studentinnen,short,2010s,24
1235,Studentinnen,short,2010s,24
1236,Studentinnen,short,2010s,38
1237,Studentinnen,short,2010s,18
1238,Studentinnen,short,2010s,75
1239,Studentinnen,short,2010s,44
1240,Studentinnen,short,2010s,18
1241,Studentinnen,short,2010s,8
1242,Studentinnen,short,2010s,9
1243,Studentinnen,short,2010s,42
1244,Studentinnen,short,2010s,13
1245,Studentinnen,short,2010s,81
1246,Studentinnen,short,2010s,42
1247,Studentinnen,short,2010s,44
1248,Studentinnen,short,2010s,18
1249,Studentinnen,short,2010s,17
1250,Studentinnen,short,2010s,51
1251,Studentinnen,short,2010s,14
1252,Studentinnen,short,2010s,14
1253,Studentinnen,short,2010s,55
1254,Studentinnen,short,2010s,45
1255,Studentinnen,short,2010s,31
1256,Studentinnen,short,2010s,4
1257,Studentinnen,short,2010s,28
1258,Studentinnen,short,2010s,49
1259,Studentinnen,short,2010s,49
1260,Studentinnen,short,2010s,24
1261,Studentinnen,short,2010s,24
1262,Studentinnen,short,2000s,36
1263,Studentinnen,short,2000s,33
1264,Studentinnen,short,2000s,16
1265,Studentinnen,short,2000s,16
1266,Studentinnen,short,2000s,24
1267,Studentinnen,short,2000s,25
1268,Studentinnen,short,2000s,33
1269,Studentinnen,short,2000s,26
1270,Studentinnen,short,2000s,26
1271,Studentinnen,short,2000s,12
1272,Studentinnen,short,2000s,4
1273,Studentinnen,short,2000s,16
1274,Studentinnen,short,2000s,9
1275,Studentinnen,short,2000s,33
1276,Studentinnen,short,2000s,35
1277,Studentinnen,short,2000s,15
1278,Studentinnen,short,2000s,16
1279,Studentinnen,short,2000s,28
1280,Studentinnen,short,2000s,30
1281,Studentinnen,short,2000s,11
1282,Studentinnen,short,2000s,13
1283,Studentinnen,short,2000s,7
1284,Studentinnen,short,2000s,8
1285,Studentinnen,short,2000s,24
1286,Studentinnen,short,2000s,18
1287,Studentinnen,short,2000s,10
1288,Studentinnen,short,2000s,16
1289,Studentinnen,short,2000s,25
1290,Studentinnen,short,2000s,13
1291,Studentinnen,short,2000s,13
1292,Studentinnen,short,2000s,27
1293,Studentinnen,short,2000s,14
1294,Studentinnen,short,2000s,19
1295,Wählerinnen,long,2010s,4
1296,Wählerinnen,long,2010s,267
1297,Wählerinnen,long,2010s,18
1298,Wählerinnen,long,2010s,11
1299,Wählerinnen,long,2010s,20
1300,Wählerinnen,long,2010s,17
1301,Wählerinnen,long,2010s,60
1302,Wählerinnen,long,2010s,9
1303,Wählerinnen,short,2010s,18
1304,Wählerinnen,short,2010s,45
1305,Wählerinnen,short,2010s,16
1306,Wählerinnen,short,2010s,8
1307,Wählerinnen,short,2010s,9
1308,Wählerinnen,short,2010s,9
1309,Wählerinnen,short,2010s,9
1310,Wählerinnen,short,2010s,9
1311,Wählerinnen,short,2010s,12
1312,Wählerinnen,short,2010s,16
1313,Wählerinnen,short,2010s,25
1314,Wählerinnen,short,2010s,24
1315,Wählerinnen,short,2010s,16
1316,Wählerinnen,short,2010s,14
1317,Wählerinnen,short,2010s,18
1318,Wählerinnen,short,2010s,21
1319,Wählerinnen,short,2010s,10
1320,Wählerinnen,short,2010s,44
1321,Wählerinnen,short,2010s,15
1322,Wählerinnen,short,2010s,31
1323,Wählerinnen,short,2010s,10
1324,Wählerinnen,short,2010s,24
1325,Wählerinnen,short,2010s,18
1326,Wählerinnen,short,2010s,7
1327,Wählerinnen,short,2010s,21
1328,Wählerinnen,short,2010s,5
1329,Wählerinnen,short,2010s,9
1330,Wählerinnen,short,2010s,20
1331,Wählerinnen,short,2010s,28
1332,Wählerinnen,short,2010s,11
1333,Wählerinnen,short,2010s,29
1334,Wählerinnen,short,2010s,11
1335,Wählerinnen,short,2010s,19
1336,Wählerinnen,short,2010s,18
1337,Wählerinnen,short,2010s,9
1338,Wählerinnen,short,2010s,6
1339,Wählerinnen,short,2010s,16
1340,Wählerinnen,short,2010s,19
1341,Wählerinnen,short,2010s,29
1342,Wählerinnen,short,2010s,29
1343,Wählerinnen,short,2010s,19
1344,Wählerinnen,short,2010s,11
1345,Wählerinnen,short,2010s,8
1346,Wählerinnen,short,2010s,24
1347,Wählerinnen,short,2010s,25
1348,Wählerinnen,short,2010s,19
1349,Wählerinnen,short,2010s,14
1350,Wählerinnen,short,2010s,28
1351,Wählerinnen,short,2010s,33
1352,Wählerinnen,short,2010s,17
1353,Wählerinnen,short,2010s,29
1354,Wählerinnen,short,2010s,5
1355,Wählerinnen,short,2010s,14
1356,Wählerinnen,short,2010s,15
1357,Wählerinnen,short,2010s,13
1358,Wählerinnen,short,2010s,10
1359,Wählerinnen,short,2010s,8
1360,Wählerinnen,short,2010s,16
1361,Wählerinnen,short,2010s,13
1362,Wählerinnen,short,2010s,34
1363,Wählerinnen,short,2010s,18
1364,Wählerinnen,short,2010s,30
1365,Wählerinnen,short,2010s,25
1366,Wählerinnen,short,2010s,9
1367,Wählerinnen,short,2010s,8
1368,Wählerinnen,short,2010s,25
1369,Wählerinnen,short,2000s,10
1370,Wählerinnen,short,2000s,12
1371,Wählerinnen,short,2000s,35
1372,Wählerinnen,short,2000s,21
1373,Wählerinnen,short,2000s,26
1374,Wählerinnen,short,2000s,15
1375,Wählerinnen,short,2000s,47
1376,Wählerinnen,short,2000s,24
1377,Wählerinnen,short,2000s,20
1378,Wählerinnen,short,2000s,14
1379,Wählerinnen,short,2000s,63
1380,Wählerinnen,short,2000s,7
1381,Wählerinnen,short,2000s,36
1382,Wählerinnen,short,2000s,19
1383,Wählerinnen,short,2000s,14
1384,Wählerinnen,short,2000s,11
1385,Wählerinnen,short,2000s,32
1386,Wählerinnen,short,2000s,8
1387,Wählerinnen,long,2010s,28
1388,Wählerinnen,long,2010s,26
1389,Wählerinnen,long,2010s,2
1390,Wählerinnen,long,2010s,36
1391,Wählerinnen,long,2010s,27
1392,Wählerinnen,long,2010s,20
1393,Wählerinnen,long,2010s,7
1394,Wählerinnen,long,2010s,6
1395,Wählerinnen,long,2010s,17
1396,Wählerinnen,long,2010s,29
1397,Wählerinnen,long,2010s,29
1398,Wählerinnen,long,2010s,19
1399,Wählerinnen,long,2010s,21
1400,Wählerinnen,long,2010s,48
1401,Wählerinnen,long,2010s,32
1402,Wählerinnen,long,2010s,15
1403,Wählerinnen,long,2010s,10
1404,Wählerinnen,long,2010s,24
1405,Wählerinnen,long,2010s,7
1406,Wählerinnen,long,2010s,18
1407,Wählerinnen,long,2010s,27
1408,Wählerinnen,long,2010s,37
1409,Wählerinnen,long,2010s,21
1410,Wählerinnen,long,2010s,6
1411,Wählerinnen,long,2010s,20
1412,Wählerinnen,long,2010s,16
1413,Wählerinnen,long,2010s,19
1414,Wählerinnen,long,2010s,20
1415,Wählerinnen,long,2010s,18
1416,Wählerinnen,long,2010s,30
1417,Wählerinnen,long,2010s,14
1418,Wählerinnen,long,2010s,16
1419,Wählerinnen,long,2010s,13
1420,Wählerinnen,long,2010s,28
1421,Wählerinnen,long,2010s,9
1422,Wählerinnen,long,2010s,13
1423,Wählerinnen,long,2010s,33
1424,Wählerinnen,long,2010s,20
1425,Wählerinnen,long,2010s,17
1426,Wählerinnen,long,2010s,16
1427,Wählerinnen,long,2010s,7
1428,Wählerinnen,long,2010s,20
1429,Wählerinnen,long,2010s,11
1430,Wählerinnen,long,2010s,24
1431,Wählerinnen,long,2010s,20
1432,Wählerinnen,long,2010s,10
1433,Wählerinnen,long,2010s,12
1434,Wählerinnen,long,2010s,17
1435,Wählerinnen,long,2010s,39
1436,Wählerinnen,long,2010s,25
1437,Wählerinnen,long,2010s,27
1438,Wählerinnen,long,2010s,12
1439,Wählerinnen,long,2010s,52
1440,Wählerinnen,long,2010s,7
1441,Wählerinnen,long,2010s,39
1442,Wählerinnen,long,2010s,10
1443,Wählerinnen,long,2010s,18
1444,Wählerinnen,long,2010s,14
1445,Wählerinnen,long,2010s,41
1446,Wählerinnen,long,2010s,10
1447,Wählerinnen,long,2010s,19
1448,Wählerinnen,long,2010s,16
1449,Wählerinnen,long,2010s,3
1450,Wählerinnen,long,2010s,27
1451,Wählerinnen,long,2010s,44
1452,Wählerinnen,long,2010s,51
1453,Wählerinnen,long,2010s,7
1454,Wählerinnen,long,2010s,35
1455,Wählerinnen,long,2010s,18
1456,Wählerinnen,long,2010s,29
1457,Wählerinnen,long,2010s,42
1458,Wählerinnen,long,2010s,20
1459,Wählerinnen,long,2010s,33
1460,Wählerinnen,long,2010s,12
1461,Wählerinnen,long,2010s,16
1462,Wählerinnen,long,2010s,15
1463,Wählerinnen,long,2010s,35
1464,Wählerinnen,long,2010s,12
1465,Wählerinnen,long,2010s,28
1466,Wählerinnen,long,2010s,26
1467,Wählerinnen,long,2010s,26
1468,Wählerinnen,long,2010s,14
1469,Wählerinnen,long,2000s,19
1470,Wählerinnen,long,2000s,37
1471,Wählerinnen,long,2000s,18
1472,Wählerinnen,long,2000s,29
1473,Wählerinnen,long,2000s,16
1474,Wählerinnen,long,2000s,36
1475,Wählerinnen,long,2000s,10
1476,Wählerinnen,long,2000s,15
1477,Wählerinnen,long,2000s,18
1478,Wählerinnen,long,2000s,18
1479,Wählerinnen,long,2000s,15
1480,Wählerinnen,long,2000s,22
1481,Wählerinnen,long,2000s,5
1482,Wählerinnen,long,2000s,18
1483,Wählerinnen,long,2000s,6
